yo-Kg2YxlZs,30
b5pRYl_djbs,26
K_SpqDJnlps,30
phVLLTMzmKk,26
PcFEhUKhN6g,30
5YPjcdLbs5g,26
T-Fc9ctuNVI,26
mkcDANJjDcM,26
Db19rWN5BGo,26
QaIMUi-elFo,24
-IELREHX_js,26
yqImJuC5UzI,26
HV0H6oc4Kvs,26
-OyDO1g74vc,25
jI0HIlSsa3s,30
7nHkh4sP5Ks,26
ax3q-RkVIt4,30
vfjywN5CN0Y,24
c9pEMjPT16M,30
D8Vhxbho1fY,26
J1jDc2rTJlg,26
GBXK_SyfisM,30
aDEYi1OG0vU,26
oITFHwzfw_k,26
eA55_shhKko,26
rk8Xm0EAOWs,26
Ksd1JQFHYWA,26
XV_FF3WC7kA,26
26V9UzqSguo,26
2bxKkUgcqpk,26
xp67EC-Hvwk,30
pieVIsGmLsc,26
miB-wo2PfLI,26
_a9SWtcaNj8,30
4k-rTF3oZKw,30
HKjR70GCRPE,26
tt0t_a1EDCE,26
HVAmkvLrthQ,30
BCiuXAuCKAU,24
-5KQ66BBWC4,30
bhlFavrh7WU,24
r2llOyS-BmE,26
KWoSGtglCms,26
X5wWhZ2r9kc,26
3IOE-Q3UWdA,26
gjdgj04FzR0,25
bAVXp1oGjHA,30
z3kgrh0L_80,30
2fwni_Kjf2M,26
9Rcxr3IEX4E,30
Ag-pXiLrd48,24
QotkBTEePI8,24
phrYEKv0rmw,24
5MxjqHfkWFI,30
QJzocCGLdHU,30
TM5MPJIq1Is,30
2KpThOF_QmE,30
ri4P2enZT9o,26
KIy2a-nejxg,26
2FIHxnZKg6A,26
vBbjA4tWCPg,30
LIavUJVrXaI,30
AN07xQokfiE,26
XglAvHaEtHY,26
-FaXLcSFjUI,30
IuPC-z-M9u8,26
QD3L10bUnBo,30
2qQs3Y9OJX0,26
kAsz-76DTDE,26
uwW0ejeosmk,26
TCmNvNLRWrc,26
qrkff49p4E4,26
U_WzY2k8IBM,26
j35JnR0Q7Es,24
J4bt4y9ShTA,26
gqmmpoO1JrY,26
b50s4AlOOKY,30
gjasEUDkbuc,30
_-Z6wFjXtGQ,30
rFgb2ECMcrY,26
7YpF6DntOYw,26
S0tkhGJjwLA,26
P60OxWahxBQ,30
xO4ABy2iOQA,26
yMtGmGa8KZ0,26
HymKCzQJbB8,26
l-jxh8gpxuY,26
kLDpP9QEVBs,30
C25wkwAMB-w,26
plkJ45_-pMk,30
zG7mx8KiavA,26
PNZQ2UJfyQE,26
T26G6_AjJZ4,26
Riu4ZKk4YdQ,30
kMy-6RtoOVU,24
WVde9pyaHg4,24
XF87VL5T0aA,30
t0V4drbYDnc,26
Ytga8ciKWJc,30
xmqSaQPzL1E,24
kplbKz3_fZk,26
UsLnxI_zGpY,30
bSZiZ4rOC7c,26
SHBMiL5f_3Q,26
tNpZtigMc4g,26
9mLYmkonWZQ,26
zR725veL-DI,26
oWhvucAskhk,26
-ZFgsrolSxo,26
9QbzS8bZXFE,30
NEQ7Wpf-EtI,26
7g37N3eoQ9s,26
hbYvDvJrpNk,26
F3dPH6Xqf5M,26
QMwT7DFA5O4,26
Gfdg_GcaNe8,24
UOfuzrwkclM,26
piYxcrMxVPw,26
sUVhd0YTKgw,24
32HR3MnDZ8g,26
TzaVHtLXOzY,26
_ithRWANKB0,24
cLiJgvrDlWw,30
G5Yr20A5z_Q,26
9HOMUW7QNFc,30
8JSxLhDMGtE,30
mfsbYdLx9wE,30
Kb1fduj-jdY,26
rUYsoIIE37A,26
D-BJTU6NxZ8,30
_145Aa_xkuE,26
CrlfWnsS7ac,24
8nO5FFbIAog,26
N1K2bEZLL_A,26
P90hF2S1JzA,30
M6cgEs9JgDo,30
LrDT25hmApw,26
_mAfwH6i90E,26
VRlpH1MbWUw,30
4ZpjKfu6Cl8,30
-XpUuIgyUHE,25
uzPI7FcF79U,26
aMYcLyh9OhU,26
Feu1_8NazPE,30
OfMdakd4bHI,26
tjqCzVjojCo,26
N0Dt9i9IUNg,30
Hi8QeP_VPu0,26
wEAeql4z1O0,24
jgAwJ0RqmYg,26
9tyiDEYiWiA,26
fGgnNCbXZ20,30
JNb4nWexD0I,26
UgZFdrNT6W0,26
jqZpiHlJUig,26
skiZueh4lfY,26
dMH8L7mqCNI,26
fD6VkIRlIRI,30
9IF8uTRrWAM,30
4gVsDd8PV9U,30
Ma2hgTmveKQ,30
2DUITARAsWQ,30
3_VjIRdXVdM,26
Ecivp8t3MdY,30
v0L-WkMO3s4,26
rCb9-U4TArw,30
5LrOQEt_XVM,25
2E_e8JlvTlg,30
I8j6Xq2B5ys,30
fNcxxBjEOgw,26
tEoJW9ycmSY,24
y7ncweROe9U,26
sADELCyj10I,26
BY3sZmvUp-0,26
_Ca3gOdOHxU,26
cWYJHb25EVs,26
GozLjpMNADg,30
5milLu-6bWI,26
8aMv-ZGD4ic,26
ZxQn8HVmXsY,24
C3qk4yAMANk,30
1ReZIMmD_8E,26
g1wyIcLPbq0,26
qBUu7cy-5Iw,30
VsYPP2I0aUQ,30
PmElx9ZVByw,26
YYWdB7h1INo,26
lT1zdTL-3SM,30
oD_wxyTHJ2I,24
9bK05eBt1GM,26
qpoWHELxL-4,30
HTYT2vF-j_w,24
N7baJsMszJ0,26
E2jecoyAx1M,26
cc4y-yYm5Ao,26
HJzgJ9ZjvJk,26
B1MAUxpKaV8,24
E7JcKooKVsM,26
rJKeqfTlAeY,26
TcB0IFBwk-k,30
dgLApPvmfBE,30
IKdBLciu_-A,26
pGP_oIdKmRY,26
cKA-qeZuH_w,26
aRbLw-dU2XY,30
9eAOr_ttXp0,30
yvgCGJ6vfkY,30
WKqbLbU68wU,26
0f39OWEqJ24,30
lWXhqIAvarw,26
jBs_XYHI7gM,30
4Y5qi1gD2Sw,30
iSlDMboCSao,26
0wBYFahr3uI,24
O5m_0Yay4EU,30
fZs-yXm-uUs,30
053oq2xB3oU,26
x-6CtPWVi6E,30
xJmRNZVDDCY,26
WlgxRNCHQzw,26
zlVkeKC6Ha8,30
Vmef_8MY46w,26
Rm518TUhbRY,30
8VZEwOCQ8bc,26
CG98XdYsgrA,24
AYebXQ8eUkM,26
wfEOx36N4jA,26
wogRuPNBUi8,30
N5UD8FGzDek,26
Ie35yEssHko,24
oq_bufAhyl8,26
uq_HBsvP548,26
t1LXrJOvPDg,26
Gt61_Yekkgc,26
qsTqtWVVSLM,26
wONG7Vh87B4,26
u1ltv6r14KQ,26
_eBah6c5kyA,30
oifTDWZvOhY,26
hHgg9WI8dTk,24
5BDj0ow5hnA,26
NO2esmws190,26
TEQ9sAj-DPo,26
xeGWXqSvC-8,30
QTmwhrVal1g,24
Di1MG6auDYo,26
j5jmjhGBW44,26
7T5G0CmwTPo,26
CMCPhm2L400,26
2PpxiG0WU18,30
z-fsLpGHq6o,26
1j20qq1JyX4,30
zC5Fh2tTS1U,24
XpGRS72ghag,24
914yZXz-iRs,26
uNT6HrrnqPU,26
b-YoBU0XT90,30
G4qq1MRXCiY,26
om_83F5VwTQ,26
6d5u6FHvz7Q,26
OGNnUvJq9RI,26
CZ2NP8UsPuE,26
WSPvfxtqisg,30
9F2voT6QWvQ,24
QCLQYnt3aMo,26
Lg1jOu8cUBM,26
Gvp-cj3bmIY,26
sNQJfYvhcPk,30
Z1YV6wB037M,30
ayAMdYfJJLk,26
qx2vAO5ofmo,26
IzvOYVMltkI,26
nlinqZPgvVk,26
yn9WN9lsHRE,26
SCh-ZImnyyk,26
O_NYCUhZ9zw,26
rXFlJbXyZyc,24
UOyyTUX5Vo4,26
Ov0za6Xb1LM,26
KHHgQ_Pe4cI,30
jE0S8gYWftE,24
tghXjom3120,26
covMYDBa5dk,24
_7oWZq_s_Sk,30
lDmLcWWBp1E,30
55Ihr6uVIDA,30
l2XO3tQk8lI,26
fpprSy6AzKk,30
Ekwy7wzLfjc,26
KVq6If6ozMY,26
_dBTTYDRdRQ,26
9Y_l9NsnYE0,26
er7eeiJB6dI,26
UrsCy6qIGoo,26
Hscyg0vLKc8,26
BXCh3r-pPAM,30
o4xQ-BEa3Ss,26
ZosVdkY76FU,30
bePts02nIY8,30
